avg_fruit,avg_decayfruit,avg_enemyfruit,rollout/,ep_len_mean,ep_rew_mean,time/,fps,iterations,time_elapsed,total_timesteps,train/,approx_kl,clip_fraction,clip_range,entropy_loss,explained_variance,learning_rate,loss,n_updates,policy_gradient_loss,value_loss
0,0,0,,23.8,-10.3,,69,1,29,2048,,,,,,,,,,,
0,0,0,,22.7,-10.8,,68,2,59,4096,,0.011581046,0.0788,0.2,-1.38,0.0143,0.0003,4.95,10.0,-0.00908,15.5
0,0,0,,20.9,-10.1,,67,3,90,6144,,0.011366178,0.0876,0.2,-1.38,-0.0102,0.0003,5.33,20.0,-0.0104,11.0
0,0,0,,22.5,-11.3,,67,4,120,8192,,0.009387179,0.0889,0.2,-1.37,-0.0163,0.0003,3.13,30.0,-0.00935,6.75
0,0,0,,28.2,-10.6,,70,5,144,10240,,0.009987777,0.0762,0.2,-1.36,-0.0261,0.0003,2.1,40.0,-0.0132,7.22
0,0,0,,31.8,-10.4,,72,6,170,12288,,0.008137162,0.0799,0.2,-1.35,-0.0676,0.0003,2.45,50.0,-0.00886,5.52
0,0,0,,36.3,-9.61,,74,7,192,14336,,0.010710763,0.109,0.2,-1.32,-0.00365,0.0003,1.88,60.0,-0.0158,3.54
0,0,0,,44.6,-8.46,,77,8,212,16384,,0.012398372,0.147,0.2,-1.3,0.0189,0.0003,1.35,70.0,-0.014,4.55
0,0,0,,49.2,-7.46,,79,9,231,18432,,0.009594459,0.0841,0.2,-1.29,0.0321,0.0003,4.72,80.0,-0.00763,8.13
0,0,3,,48.5,-7.69,,83,10,244,20480,,0.006551915,0.0308,0.2,-1.29,0.00321,0.0003,7.73,90.0,-0.00511,9.9
1,0,0,,68.2,-8.41,,85,11,262,22528,,0.009423073,0.0901,0.2,-1.28,0.0321,0.0003,0.243,100.0,-0.00922,0.776
2,0,1,,76.5,-8.26,,88,12,277,24576,,0.008583383,0.0655,0.2,-1.25,0.0306,0.0003,1.63,110.0,-0.00766,3.88
0,0,3,,78.7,-8.33,,92,13,287,26624,,0.009321222,0.108,0.2,-1.23,0.0685,0.0003,1.24,120.0,-0.00883,4.0
0,0,0,,101.0,-9.67,,93,14,305,28672,,0.010065984,0.157,0.2,-1.22,0.652,0.0003,0.0643,130.0,-0.0142,0.129
0,0,0,,95.3,-9.75,,95,15,320,30720,,0.008521775,0.0859,0.2,-1.2,-0.0225,0.0003,1.64,140.0,-0.0102,4.28
0,0,0,,100.0,-9.05,,97,16,336,32768,,0.008495435,0.0806,0.2,-1.15,0.0998,0.0003,1.48,150.0,-0.0121,1.98
0,0,2,,98.3,-7.9,,98,17,353,34816,,0.006816825,0.0639,0.2,-1.14,0.00642,0.0003,7.69,160.0,-0.00783,8.33
0,0,2,,86.1,-7.47,,100,18,366,36864,,0.0064082546,0.043,0.2,-1.12,-0.176,0.0003,11.2,170.0,-0.00527,12.8
0,0,2,,98.6,-7.28,,102,19,380,38912,,0.008762085,0.0776,0.2,-1.1,0.00661,0.0003,0.545,180.0,-0.00863,2.37
0,0,1,,117.0,-7.05,,104,20,390,40960,,0.012593865,0.102,0.2,-1.07,0.016,0.0003,3.47,190.0,-0.00976,4.1
0,0,2,,122.0,-6.29,,106,21,403,43008,,0.0097772,0.0993,0.2,-1.04,0.0345,0.0003,0.307,200.0,-0.00544,2.45
1,0,3,,130.0,-7.01,,109,22,412,45056,,0.0095782885,0.121,0.2,-0.994,-0.0252,0.0003,2.33,210.0,-0.00761,5.97
1,0,4,,130.0,-7.01,,111,23,421,47104,,0.012681778,0.132,0.2,-1.03,0.14,0.0003,0.375,220.0,-0.00973,1.53
0,0,0,,180.0,-7.59,,112,24,435,49152,,0.013124546,0.17,0.2,-1.03,-1.59,0.0003,-0.0148,230.0,-0.00969,0.0271
0,0,1,,184.0,-8.02,,113,25,449,51200,,0.012152242,0.104,0.2,-1.02,0.156,0.0003,0.389,240.0,-0.00607,1.86
0,0,2,,191.0,-7.63,,115,26,460,53248,,0.0070182225,0.0601,0.2,-0.995,-0.0115,0.0003,3.02,250.0,-0.009,5.82
0,1,0,,215.0,-8.27,,117,27,471,55296,,0.0048077637,0.0309,0.2,-0.993,0.0122,0.0003,5.54,260.0,-0.00343,6.27
0,2,3,,224.0,-8.81,,118,28,482,57344,,0.0073813964,0.0892,0.2,-0.983,0.18,0.0003,1.44,270.0,-0.00783,4.77
0,0,1,,232.0,-8.33,,120,29,494,59392,,0.010757873,0.138,0.2,-0.97,0.356,0.0003,1.87,280.0,-0.0115,4.96
0,0,0,,251.0,-8.92,,121,30,505,61440,,0.009539308,0.121,0.2,-0.95,0.262,0.0003,1.88,290.0,-0.00944,3.35
0,1,0,,259.0,-8.49,,122,31,516,63488,,0.008881036,0.126,0.2,-0.968,0.0934,0.0003,2.38,300.0,-0.0106,2.37
0,0,2,,270.0,-8.25,,124,32,526,65536,,0.008793511,0.0709,0.2,-0.941,0.0637,0.0003,8.94,310.0,-0.00597,8.17
0,0,0,,266.0,-8.55,,125,33,538,67584,,0.009836166,0.108,0.2,-0.955,0.0616,0.0003,2.94,320.0,-0.00669,1.86
0,0,1,,274.0,-8.86,,126,34,548,69632,,0.010431249,0.0839,0.2,-0.92,0.051,0.0003,3.24,330.0,-0.00752,6.53
0,0,0,,290.0,-8.99,,128,35,559,71680,,0.0070267175,0.0966,0.2,-0.928,0.306,0.0003,1.1,340.0,-0.00539,2.19
1,0,1,,296.0,-9.08,,129,36,569,73728,,0.007571652,0.0781,0.2,-0.909,0.0708,0.0003,1.27,350.0,-0.00211,1.95
0,0,0,,263.0,-8.19,,130,37,581,75776,,0.0077563003,0.0764,0.2,-0.906,0.00146,0.0003,5.87,360.0,-0.00499,5.59
0,0,1,,275.0,-8.25,,131,38,591,77824,,0.008970052,0.0808,0.2,-0.894,0.244,0.0003,2.25,370.0,-0.00558,2.87
0,0,1,,288.0,-8.22,,132,39,601,79872,,0.008704148,0.0775,0.2,-0.865,0.182,0.0003,0.913,380.0,-0.0058,3.31
0,0,2,,301.0,-7.89,,133,40,612,81920,,0.009146374,0.106,0.2,-0.861,0.0318,0.0003,1.72,390.0,-0.00527,2.32
1,0,1,,321.0,-7.22,,134,41,623,83968,,0.00826709,0.124,0.2,-0.874,0.0501,0.0003,1.36,400.0,-0.0042,2.59
1,1,2,,336.0,-7.69,,135,42,634,86016,,0.006441009,0.054,0.2,-0.84,0.141,0.0003,2.11,410.0,-0.00272,7.74
0,1,1,,328.0,-7.55,,136,43,644,88064,,0.009156396,0.0994,0.2,-0.83,0.106,0.0003,4.19,420.0,-0.00453,3.59
0,0,1,,346.0,-6.65,,137,44,655,90112,,0.0074665295,0.103,0.2,-0.853,0.0801,0.0003,3.07,430.0,-0.00792,5.05
0,0,0,,351.0,-6.34,,138,45,666,92160,,0.007881519,0.0747,0.2,-0.836,-0.00118,0.0003,4.06,440.0,-0.00503,10.3
0,0,2,,356.0,-6.53,,139,46,677,94208,,0.007486375,0.0919,0.2,-0.846,-0.0991,0.0003,2.81,450.0,-0.00522,4.29
0,1,2,,366.0,-5.58,,140,47,687,96256,,0.010976637,0.118,0.2,-0.867,0.00789,0.0003,0.53,460.0,-0.00883,2.47
1,0,2,,380.0,-5.22,,140,48,698,98304,,0.00784607,0.0786,0.2,-0.835,0.0122,0.0003,12.1,470.0,-0.00408,12.6
1,0,4,,383.0,-4.95,,141,49,709,100352,,0.0066898093,0.0504,0.2,-0.83,0.0677,0.0003,1.63,480.0,-0.00331,4.69
1,0,1,,401.0,-4.63,,142,50,719,102400,,0.010685947,0.107,0.2,-0.839,0.121,0.0003,1.26,490.0,-0.00839,4.69
1,0,2,,407.0,-5.11,,143,51,729,104448,,0.006463427,0.0856,0.2,-0.798,0.164,0.0003,1.34,500.0,-0.00344,4.45
1,0,4,,414.0,-4.86,,143,52,739,106496,,0.009735761,0.0976,0.2,-0.766,0.451,0.0003,0.6,510.0,-0.00358,2.02
0,2,1,,432.0,-4.86,,144,53,750,108544,,0.0084313555,0.0871,0.2,-0.778,0.0414,0.0003,1.55,520.0,-0.00388,6.95
0,0,3,,447.0,-4.61,,145,54,761,110592,,0.009071591,0.0992,0.2,-0.747,0.00869,0.0003,3.37,530.0,-0.00631,8.61
0,0,0,,460.0,-4.32,,145,55,771,112640,,0.007302806,0.0913,0.2,-0.72,0.144,0.0003,0.426,540.0,-0.00489,2.41
1,0,1,,454.0,-4.61,,146,56,782,114688,,0.007254704,0.0925,0.2,-0.734,0.14,0.0003,1.08,550.0,-0.00687,6.56
0,2,6,,463.0,-4.26,,147,57,791,116736,,0.009369025,0.0993,0.2,-0.714,0.192,0.0003,0.515,560.0,-0.00848,2.22
0,0,0,,470.0,-3.69,,147,58,803,118784,,0.011284711,0.101,0.2,-0.724,0.17,0.0003,1.92,570.0,-0.00426,4.33
0,1,3,,480.0,-3.61,,148,59,814,120832,,0.007939324,0.0798,0.2,-0.716,-0.0602,0.0003,3.09,580.0,-0.00819,8.3
0,1,0,,487.0,-2.68,,148,60,825,122880,,0.0070790835,0.0766,0.2,-0.711,0.0734,0.0003,0.414,590.0,-0.00264,4.12
0,5,12,,487.0,-2.68,,149,61,834,124928,,0.010679871,0.0833,0.2,-0.719,0.061,0.0003,6.73,600.0,-0.00756,11.8
1,1,2,,489.0,-2.23,,149,62,847,126976,,0.011998563,0.124,0.2,-0.761,0.0362,0.0003,0.361,610.0,-0.00587,2.0
0,2,2,,475.0,-1.96,,150,63,858,129024,,0.010621622,0.128,0.2,-0.725,0.0642,0.0003,2.65,620.0,-0.00928,7.42
0,1,1,,474.0,-2.44,,150,64,869,131072,,0.006560224,0.0691,0.2,-0.723,-0.0455,0.0003,9.49,630.0,-0.00455,8.6
0,1,1,,468.0,-2.98,,151,65,878,133120,,0.013435297,0.155,0.2,-0.732,-0.0459,0.0003,0.599,640.0,-0.00899,4.32
0,2,4,,485.0,-2.51,,151,66,889,135168,,0.010120342,0.114,0.2,-0.74,0.039,0.0003,0.577,650.0,-0.00633,3.3
0,0,1,,502.0,-1.43,,152,67,900,137216,,0.008257683,0.134,0.2,-0.732,0.0296,0.0003,3.59,660.0,-0.00605,12.8
0,0,0,,506.0,-1.57,,152,68,910,139264,,0.0074058627,0.0901,0.2,-0.717,-0.0576,0.0003,1.54,670.0,-0.00115,4.65
0,0,0,,509.0,-1.82,,153,69,920,141312,,0.00971519,0.104,0.2,-0.671,0.124,0.0003,1.93,680.0,-0.00202,2.69
0,2,0,,511.0,-1.38,,154,70,930,143360,,0.007300835,0.0967,0.2,-0.666,0.0215,0.0003,6.75,690.0,-0.00543,10.5
1,1,5,,515.0,-0.751,,154,71,940,145408,,0.0058066826,0.0619,0.2,-0.662,0.0527,0.0003,6.5,700.0,-0.0039,8.61
1,1,4,,528.0,-0.315,,155,72,951,147456,,0.0068942094,0.0766,0.2,-0.648,0.091,0.0003,1.19,710.0,-0.00517,8.68
0,0,0,,540.0,-0.842,,155,73,962,149504,,0.011551646,0.111,0.2,-0.669,0.0921,0.0003,2.35,720.0,-0.00715,4.58
1,0,0,,528.0,-0.553,,155,74,974,151552,,0.0105810845,0.0912,0.2,-0.658,0.126,0.0003,2.29,730.0,-0.00794,6.19
0,0,0,,540.0,-0.124,,156,75,984,153600,,0.0051738876,0.0611,0.2,-0.623,0.124,0.0003,5.72,740.0,-0.00485,16.8
1,0,0,,540.0,0.118,,156,76,994,155648,,0.008818532,0.113,0.2,-0.644,0.0701,0.0003,9.63,750.0,-0.00378,7.22
0,0,1,,538.0,0.0438,,156,77,1004,157696,,0.010144414,0.113,0.2,-0.644,0.151,0.0003,1.26,760.0,-0.00642,3.76
0,1,0,,545.0,0.522,,157,78,1014,159744,,0.012293457,0.109,0.2,-0.632,0.177,0.0003,0.182,770.0,-0.00237,0.977
1,0,0,,558.0,-0.114,,157,79,1025,161792,,0.009555325,0.114,0.2,-0.621,0.18,0.0003,1.7,780.0,-0.00345,3.37
0,0,0,,531.0,0.148,,158,80,1035,163840,,0.0052225925,0.0657,0.2,-0.645,0.525,0.0003,0.263,790.0,-0.00115,1.24
0,1,2,,536.0,0.0714,,158,81,1044,165888,,0.005484606,0.0664,0.2,-0.596,0.0155,0.0003,1.09,800.0,-0.00585,4.65
1,1,4,,550.0,-0.25,,159,82,1055,167936,,0.007073682,0.0654,0.2,-0.6,0.26,0.0003,0.428,810.0,-0.00463,0.79
1,0,0,,555.0,0.384,,159,83,1066,169984,,0.0075374516,0.102,0.2,-0.608,-0.00955,0.0003,0.185,820.0,-0.00462,1.62
0,1,2,,564.0,0.301,,159,84,1075,172032,,0.0069766887,0.0922,0.2,-0.588,0.142,0.0003,5.14,830.0,-0.00503,7.18
0,0,0,,560.0,0.479,,160,85,1086,174080,,0.007753795,0.0851,0.2,-0.578,0.0522,0.0003,4.68,840.0,-0.0047,4.29
1,1,1,,566.0,1.18,,160,86,1095,176128,,0.008939922,0.0648,0.2,-0.584,-0.0113,0.0003,3.92,850.0,-0.00435,6.32
0,1,2,,589.0,1.31,,161,87,1106,178176,,0.007905587,0.0797,0.2,-0.557,0.00151,0.0003,9.34,860.0,-0.00552,8.13
0,1,1,,586.0,2.12,,161,88,1116,180224,,0.0044105123,0.0771,0.2,-0.537,0.0388,0.0003,1.29,870.0,-0.00248,6.86
1,1,2,,589.0,1.45,,161,89,1126,182272,,0.005874149,0.0579,0.2,-0.525,-0.0799,0.0003,2.55,880.0,-0.00217,10.5
0,0,2,,610.0,1.32,,162,90,1137,184320,,0.008284551,0.0844,0.2,-0.527,0.062,0.0003,0.488,890.0,-0.00533,2.94
0,1,1,,611.0,0.886,,162,91,1147,186368,,0.0069780033,0.0918,0.2,-0.514,-0.09,0.0003,0.261,900.0,-0.00158,0.486
0,1,0,,622.0,0.85,,162,92,1156,188416,,0.0062535345,0.0821,0.2,-0.544,-0.0221,0.0003,0.268,910.0,-0.00302,4.09
0,0,0,,645.0,0.735,,163,93,1166,190464,,0.005370551,0.0624,0.2,-0.518,-0.0099,0.0003,0.56,920.0,-0.0044,3.98
0,0,3,,649.0,1.07,,163,94,1176,192512,,0.007471445,0.0824,0.2,-0.471,-0.124,0.0003,0.493,930.0,-0.00219,0.478
0,1,0,,659.0,0.617,,163,95,1187,194560,,0.008060916,0.1,0.2,-0.509,0.00986,0.0003,2.03,940.0,-0.00709,4.26
0,0,2,,664.0,1.44,,164,96,1197,196608,,0.010861788,0.111,0.2,-0.538,-0.09,0.0003,0.636,950.0,-0.0111,6.49
0,0,0,,668.0,2.72,,164,97,1207,198656,,0.006865659,0.0614,0.2,-0.501,0.0485,0.0003,6.69,960.0,-0.00516,9.22
1,1,5,,664.0,2.9,,164,98,1217,200704,,0.007416325,0.0709,0.2,-0.509,-0.00535,0.0003,1.23,970.0,-0.00351,6.33
0,1,2,,679.0,2.76,,165,99,1226,202752,,0.0068777716,0.0657,0.2,-0.497,-0.00385,0.0003,3.51,980.0,-0.00138,3.16
0,0,0,,701.0,2.59,,165,100,1237,204800,,0.011712897,0.1,0.2,-0.514,0.0616,0.0003,1.04,990.0,-0.00289,2.49
0,1,0,,705.0,2.39,,165,101,1247,206848,,0.0078047775,0.097,0.2,-0.509,0.0131,0.0003,1.32,1000.0,-0.000701,3.85
2,0,4,,697.0,2.24,,166,102,1256,208896,,0.0035137516,0.067,0.2,-0.449,0.031,0.0003,0.914,1010.0,-0.00273,4.13
0,0,0,,702.0,2.73,,166,103,1267,210944,,0.00736251,0.0746,0.2,-0.449,0.0258,0.0003,2.42,1020.0,-0.00144,1.66
0,0,1,,705.0,2.46,,166,104,1277,212992,,0.0048210043,0.0669,0.2,-0.464,0.0687,0.0003,7.59,1030.0,-0.00226,8.71
0,2,2,,722.0,1.66,,167,105,1287,215040,,0.006540181,0.0598,0.2,-0.468,0.177,0.0003,2.21,1040.0,-0.00365,4.71
0,0,1,,712.0,1.5,,167,106,1297,217088,,0.0062399255,0.0604,0.2,-0.494,-0.191,0.0003,2.26,1050.0,-0.0015,1.79
0,0,0,,722.0,1.46,,167,107,1306,219136,,0.0065817228,0.0605,0.2,-0.493,0.225,0.0003,2.65,1060.0,-0.00241,4.42
1,0,2,,713.0,1.04,,167,108,1318,221184,,0.0058094226,0.0737,0.2,-0.449,0.329,0.0003,0.236,1070.0,-0.00329,2.3
0,0,3,,716.0,0.824,,168,109,1327,223232,,0.004987768,0.0508,0.2,-0.466,0.0698,0.0003,2.24,1080.0,-0.0038,5.96
0,0,2,,733.0,0.0493,,168,110,1338,225280,,0.0064490484,0.0687,0.2,-0.456,-0.0324,0.0003,1.18,1090.0,-0.00423,3.11
0,0,3,,719.0,-0.684,,168,111,1347,227328,,0.008088337,0.0694,0.2,-0.459,0.307,0.0003,3.08,1100.0,-0.00411,3.85
0,1,5,,714.0,-0.633,,168,112,1358,229376,,0.010919401,0.101,0.2,-0.471,-0.0104,0.0003,4.6,1110.0,-0.00231,2.55
1,1,3,,691.0,-0.339,,169,113,1369,231424,,0.0061393976,0.0588,0.2,-0.454,0.0866,0.0003,2.36,1120.0,-0.0035,5.88
0,2,5,,695.0,-0.413,,169,114,1379,233472,,0.0057583842,0.0572,0.2,-0.476,0.0059,0.0003,2.69,1130.0,-0.00326,8.43
0,1,0,,683.0,0.997,,169,115,1389,235520,,0.0072680004,0.0967,0.2,-0.452,0.0367,0.0003,3.0,1140.0,-0.00569,7.5
1,0,1,,677.0,1.26,,169,116,1398,237568,,0.0069049946,0.0648,0.2,-0.47,-0.0593,0.0003,3.09,1150.0,-0.00475,9.43
0,2,0,,700.0,0.799,,169,117,1410,239616,,0.007822653,0.107,0.2,-0.483,0.117,0.0003,2.13,1160.0,-0.00305,2.01
2,0,3,,660.0,0.228,,170,118,1419,241664,,0.0070452383,0.075,0.2,-0.482,-0.136,0.0003,6.34,1170.0,-0.00629,11.1
0,0,0,,653.0,-1.12,,170,119,1432,243712,,0.009930093,0.0854,0.2,-0.468,0.188,0.0003,0.133,1180.0,-0.00446,2.08
0,0,0,,645.0,-0.737,,170,120,1442,245760,,0.00891391,0.0771,0.2,-0.459,-0.0442,0.0003,3.92,1190.0,-0.00361,7.62
0,3,6,,653.0,-0.802,,170,121,1451,247808,,0.008077506,0.0744,0.2,-0.461,0.138,0.0003,3.02,1200.0,-0.00683,8.85
0,0,1,,643.0,-0.443,,170,122,1461,249856,,0.0067601954,0.0727,0.2,-0.477,-0.0367,0.0003,0.416,1210.0,-0.00314,1.81
0,0,0,,639.0,-0.499,,171,123,1472,251904,,0.0050602756,0.0687,0.2,-0.464,0.075,0.0003,0.459,1220.0,-0.00107,3.0
0,1,0,,622.0,-0.745,,171,124,1481,253952,,0.009968301,0.0606,0.2,-0.466,0.15,0.0003,4.26,1230.0,-0.00276,6.74
0,3,4,,631.0,-1.11,,171,125,1491,256000,,0.009940874,0.0808,0.2,-0.466,0.151,0.0003,1.21,1240.0,-0.00455,4.23
0,2,1,,636.0,-0.971,,171,126,1502,258048,,0.011002831,0.101,0.2,-0.489,0.0823,0.0003,0.544,1250.0,-0.00701,3.01
0,1,3,,639.0,-0.114,,171,127,1513,260096,,0.0070763594,0.0595,0.2,-0.474,0.0677,0.0003,1.58,1260.0,-0.00394,6.13
0,0,0,,649.0,-0.911,,172,128,1523,262144,,0.008569098,0.0761,0.2,-0.449,0.108,0.0003,2.86,1270.0,-0.0035,7.81
2,4,7,,644.0,-1.44,,172,129,1532,264192,,0.011014037,0.0896,0.2,-0.489,0.000458,0.0003,1.03,1280.0,-0.000575,5.04
0,1,3,,661.0,-1.0,,172,130,1542,266240,,0.0059067686,0.0644,0.2,-0.459,0.0696,0.0003,1.1,1290.0,-0.0024,4.99
0,0,3,,667.0,-1.12,,172,131,1551,268288,,0.010654208,0.0875,0.2,-0.452,-0.406,0.0003,0.258,1300.0,-0.00453,0.52
0,3,7,,667.0,-1.12,,173,132,1559,270336,,0.007648899,0.0654,0.2,-0.466,-0.285,0.0003,0.139,1310.0,-0.000953,2.04
0,0,0,,676.0,-0.869,,173,133,1573,272384,,0.004783104,0.0753,0.2,-0.452,0.112,0.0003,3.08,1320.0,-0.00306,2.14
1,0,4,,664.0,-0.676,,173,134,1582,274432,,0.0055701574,0.0574,0.2,-0.442,-0.0274,0.0003,0.618,1330.0,-0.00428,5.52
1,0,0,,685.0,-0.74,,173,135,1593,276480,,0.0040139165,0.0536,0.2,-0.41,0.0289,0.0003,3.51,1340.0,-0.00036,9.51
0,1,1,,671.0,-1.07,,173,136,1601,278528,,0.012660762,0.0974,0.2,-0.435,-0.0433,0.0003,2.19,1350.0,-0.00383,2.33
0,1,1,,681.0,-1.16,,173,137,1613,280576,,0.0058097616,0.0674,0.2,-0.403,0.0793,0.0003,0.91,1360.0,-0.00307,2.66
0,1,1,,676.0,-0.319,,174,138,1622,282624,,0.004295435,0.0446,0.2,-0.434,-0.113,0.0003,1.87,1370.0,-0.00248,6.04
3,4,9,,667.0,-1.44,,174,139,1632,284672,,0.008636914,0.0781,0.2,-0.44,0.277,0.0003,4.08,1380.0,-0.00597,5.52
2,2,4,,660.0,-1.1,,174,140,1643,286720,,0.007617359,0.0696,0.2,-0.407,0.291,0.0003,4.28,1390.0,-0.00395,5.61
0,2,3,,662.0,-0.531,,174,141,1653,288768,,0.0063185226,0.0778,0.2,-0.411,0.194,0.0003,4.14,1400.0,-0.00582,6.55
2,1,2,,658.0,-0.209,,174,142,1663,290816,,0.01282795,0.0794,0.2,-0.419,0.355,0.0003,5.08,1410.0,-0.00357,7.3
0,0,3,,647.0,0.68,,174,143,1674,292864,,0.014235612,0.0965,0.2,-0.424,0.424,0.0003,1.65,1420.0,-0.00913,5.61
0,0,0,,650.0,-0.0406,,175,144,1684,294912,,0.0053650145,0.0639,0.2,-0.433,0.4,0.0003,4.91,1430.0,-0.005,5.71
0,0,1,,664.0,-0.0798,,175,145,1694,296960,,0.0049614,0.0649,0.2,-0.439,0.0838,0.0003,3.23,1440.0,-0.00136,3.91
0,0,0,,668.0,-0.331,,175,146,1704,299008,,0.004755956,0.0713,0.2,-0.427,0.441,0.0003,0.592,1450.0,0.000308,1.21
0,1,2,,660.0,-0.964,,175,147,1715,301056,,0.0064736595,0.077,0.2,-0.421,0.263,0.0003,0.526,1460.0,-0.00685,4.9
0,0,0,,651.0,-1.74,,175,148,1725,303104,,0.0063456176,0.0586,0.2,-0.41,-0.132,0.0003,4.05,1470.0,-0.00579,5.71
0,0,1,,648.0,-1.6,,175,149,1734,305152,,0.009234402,0.078,0.2,-0.407,0.317,0.0003,1.02,1480.0,-0.00391,2.41
0,2,6,,648.0,-1.6,,176,150,1742,307200,,0.008406419,0.0867,0.2,-0.41,0.108,0.0003,1.81,1490.0,-0.00224,2.77
0,1,1,,685.0,-1.21,,176,151,1754,309248,,0.0054525295,0.0783,0.2,-0.411,-0.0937,0.0003,0.718,1500.0,-0.000682,1.06
0,2,6,,677.0,-0.32,,176,152,1764,311296,,0.009562845,0.0744,0.2,-0.396,0.0173,0.0003,1.0,1510.0,-0.00635,6.58
0,0,0,,695.0,-0.0911,,176,153,1774,313344,,0.0058264583,0.0542,0.2,-0.412,0.125,0.0003,3.25,1520.0,-0.00367,7.66
1,0,3,,707.0,-1.39,,176,154,1785,315392,,0.007481223,0.0873,0.2,-0.412,0.0611,0.0003,0.727,1530.0,-0.00233,3.23
0,0,1,,714.0,-1.53,,176,155,1795,317440,,0.0072172172,0.069,0.2,-0.392,0.122,0.0003,0.668,1540.0,-0.00413,2.17
1,3,2,,718.0,-1.13,,177,156,1804,319488,,0.007573181,0.0707,0.2,-0.414,0.133,0.0003,0.391,1550.0,-0.00212,3.44
0,0,0,,679.0,-1.26,,177,157,1815,321536,,0.005050725,0.0464,0.2,-0.377,-0.029,0.0003,1.49,1560.0,-0.000374,4.96
0,2,4,,661.0,-1.22,,177,158,1826,323584,,0.00743568,0.0649,0.2,-0.38,0.099,0.0003,2.5,1570.0,-0.00752,9.85
0,1,4,,661.0,-0.682,,177,159,1835,325632,,0.011858262,0.076,0.2,-0.394,0.216,0.0003,0.728,1580.0,-0.00301,2.79
0,1,0,,662.0,-0.5,,177,160,1846,327680,,0.006176675,0.0746,0.2,-0.4,0.165,0.0003,2.8,1590.0,-0.00347,6.03
0,3,5,,658.0,-0.0978,,177,161,1856,329728,,0.0035188901,0.0453,0.2,-0.418,0.00968,0.0003,3.81,1600.0,-0.00227,18.3
0,0,3,,655.0,-0.321,,177,162,1866,331776,,0.0067967568,0.0672,0.2,-0.41,0.0567,0.0003,1.66,1610.0,-0.00198,4.42
0,7,10,,618.0,-0.8,,177,163,1876,333824,,0.0066601504,0.0834,0.2,-0.387,0.288,0.0003,1.36,1620.0,-0.00233,1.15
1,5,2,,626.0,-0.147,,178,164,1886,335872,,0.0056460323,0.0712,0.2,-0.397,-0.0699,0.0003,4.74,1630.0,-0.00393,4.91
0,3,6,,607.0,-0.127,,178,165,1896,337920,,0.0050754994,0.0689,0.2,-0.386,-0.0178,0.0003,3.98,1640.0,-0.00391,8.3
1,2,0,,604.0,1.03,,178,166,1907,339968,,0.007721956,0.0578,0.2,-0.398,-0.103,0.0003,2.9,1650.0,-0.00297,6.18
0,0,1,,609.0,1.04,,178,167,1916,342016,,0.0071005505,0.0566,0.2,-0.405,0.14,0.0003,3.43,1660.0,-0.00421,6.7
0,0,0,,611.0,0.892,,178,168,1927,344064,,0.007235957,0.0779,0.2,-0.383,0.149,0.0003,2.26,1670.0,-0.00483,2.55
1,6,3,,618.0,0.886,,178,169,1936,346112,,0.012947275,0.126,0.2,-0.386,-0.0304,0.0003,3.16,1680.0,-0.011,5.07
1,0,2,,624.0,1.59,,178,170,1946,348160,,0.0056263288,0.0602,0.2,-0.367,0.0386,0.0003,0.728,1690.0,-0.00137,6.8
1,4,11,,624.0,1.59,,179,171,1954,350208,,0.0074953777,0.0584,0.2,-0.382,0.154,0.0003,0.44,1700.0,-0.00186,4.15
0,1,1,,665.0,2.14,,179,172,1967,352256,,0.009662887,0.0731,0.2,-0.396,0.0448,0.0003,0.669,1710.0,-0.00108,2.26
0,0,1,,674.0,2.8,,179,173,1977,354304,,0.005587543,0.0601,0.2,-0.364,0.083,0.0003,4.05,1720.0,-0.00103,5.12
0,0,2,,681.0,3.15,,179,174,1986,356352,,0.0077697597,0.0659,0.2,-0.372,0.213,0.0003,0.883,1730.0,-0.00451,4.84
0,1,2,,689.0,2.89,,179,175,1995,358400,,0.0060336087,0.0943,0.2,-0.403,0.137,0.0003,1.64,1740.0,-0.00143,2.13
1,3,6,,697.0,2.29,,179,176,2005,360448,,0.011523061,0.0701,0.2,-0.367,0.00321,0.0003,1.07,1750.0,-0.00508,3.69
0,2,3,,720.0,2.49,,179,177,2016,362496,,0.007497683,0.0691,0.2,-0.385,0.209,0.0003,0.758,1760.0,-0.00346,3.86
0,0,0,,735.0,2.42,,179,178,2026,364544,,0.008622902,0.0773,0.2,-0.36,0.00184,0.0003,0.552,1770.0,-0.0035,2.47
1,3,10,,737.0,2.77,,180,179,2035,366592,,0.0047566867,0.0493,0.2,-0.379,-0.0354,0.0003,0.652,1780.0,-0.000697,2.44
0,0,0,,738.0,3.87,,180,180,2046,368640,,0.00785408,0.0725,0.2,-0.365,0.0315,0.0003,2.52,1790.0,-0.00526,7.09
0,2,4,,730.0,4.66,,180,181,2055,370688,,0.0059463866,0.05,0.2,-0.356,0.206,0.0003,1.14,1800.0,-0.00324,5.95
3,0,6,,742.0,5.12,,180,182,2065,372736,,0.0057504396,0.0684,0.2,-0.359,0.124,0.0003,6.26,1810.0,-0.00454,8.73
1,2,0,,743.0,5.51,,180,183,2075,374784,,0.012613356,0.0904,0.2,-0.365,0.28,0.0003,1.96,1820.0,-0.00488,3.92
0,1,3,,743.0,6.63,,180,184,2085,376832,,0.009001613,0.0785,0.2,-0.38,-0.0489,0.0003,1.97,1830.0,-0.00209,3.82
0,1,1,,752.0,6.83,,180,185,2095,378880,,0.0076065925,0.0638,0.2,-0.356,0.033,0.0003,1.6,1840.0,-0.00354,6.86
0,0,1,,726.0,7.77,,180,186,2105,380928,,0.00724361,0.0946,0.2,-0.391,0.091,0.0003,4.68,1850.0,-0.00498,5.17
0,0,0,,732.0,7.52,,181,187,2115,382976,,0.015324403,0.0813,0.2,-0.366,0.254,0.0003,2.52,1860.0,-0.00311,4.29
3,1,2,,746.0,8.49,,181,188,2125,385024,,0.006097307,0.0376,0.2,-0.371,0.248,0.0003,10.8,1870.0,-0.00317,10.0
1,1,5,,727.0,9.27,,181,189,2134,387072,,0.003922324,0.0537,0.2,-0.381,0.0961,0.0003,1.19,1880.0,-0.00243,8.07
4,5,11,,741.0,9.58,,181,190,2143,389120,,0.005957272,0.0678,0.2,-0.367,0.245,0.0003,0.889,1890.0,-0.000937,4.12
0,0,0,,715.0,10.1,,181,191,2155,391168,,0.00653492,0.0667,0.2,-0.352,0.0203,0.0003,3.37,1900.0,-0.00382,5.73
0,1,2,,724.0,10.0,,181,192,2165,393216,,0.0068519097,0.0609,0.2,-0.36,0.368,0.0003,2.31,1910.0,-0.00426,7.89
0,2,4,,730.0,9.98,,181,193,2174,395264,,0.012219989,0.0892,0.2,-0.339,0.0289,0.0003,2.17,1920.0,-0.00414,5.53
1,1,2,,737.0,10.2,,181,194,2185,397312,,0.006752142,0.0796,0.2,-0.336,-0.0145,0.0003,0.517,1930.0,-0.00015,2.45
1,1,1,,743.0,10.3,,181,195,2194,399360,,0.00795321,0.0747,0.2,-0.35,0.0744,0.0003,3.23,1940.0,-0.00434,7.2
0,0,3,,762.0,10.4,,182,196,2204,401408,,0.0076604523,0.0774,0.2,-0.365,0.211,0.0003,0.546,1950.0,-0.00122,2.06
0,1,1,,762.0,9.72,,182,197,2214,403456,,0.006850049,0.0904,0.2,-0.358,0.128,0.0003,0.823,1960.0,-0.00379,5.24
1,1,0,,762.0,10.3,,182,198,2223,405504,,0.003847218,0.0468,0.2,-0.364,-0.0699,0.0003,2.98,1970.0,-0.00229,8.86
0,0,0,,767.0,10.5,,182,199,2233,407552,,0.006571461,0.0571,0.2,-0.353,0.138,0.0003,2.4,1980.0,-0.00251,4.08
0,1,2,,774.0,10.9,,182,200,2243,409600,,0.009320945,0.0662,0.2,-0.352,-0.0924,0.0003,0.982,1990.0,-0.00162,2.85
0,2,1,,762.0,10.3,,182,201,2252,411648,,0.0076074875,0.0775,0.2,-0.343,0.0287,0.0003,2.96,2000.0,-0.0036,3.8
1,2,8,,762.0,10.0,,182,202,2262,413696,,0.011955771,0.09,0.2,-0.328,-0.132,0.0003,1.58,2010.0,-0.00581,2.66
1,2,4,,749.0,9.5,,183,203,2271,415744,,0.0055905245,0.0598,0.2,-0.346,0.125,0.0003,2.04,2020.0,-0.00458,7.43
0,0,0,,779.0,9.11,,183,204,2282,417792,,0.0077478103,0.0759,0.2,-0.352,0.192,0.0003,0.633,2030.0,-0.00541,4.26
1,1,0,,789.0,8.86,,183,205,2291,419840,,0.009639484,0.0795,0.2,-0.322,0.25,0.0003,0.445,2040.0,-0.000708,2.05
0,2,2,,807.0,8.77,,183,206,2302,421888,,0.0069576474,0.0718,0.2,-0.359,0.0502,0.0003,0.918,2050.0,-0.00331,3.84
1,3,5,,806.0,9.16,,183,207,2310,423936,,0.0054650092,0.0453,0.2,-0.342,0.117,0.0003,1.39,2060.0,-4.58e-05,2.57
0,2,3,,822.0,9.66,,183,208,2320,425984,,0.009370048,0.061,0.2,-0.314,0.277,0.0003,0.598,2070.0,-0.00343,3.61
0,0,1,,819.0,9.94,,183,209,2331,428032,,0.008627004,0.0757,0.2,-0.364,0.0794,0.0003,1.23,2080.0,-0.00375,2.9
1,7,18,,819.0,9.94,,183,210,2339,430080,,0.009132218,0.0623,0.2,-0.354,0.022,0.0003,2.15,2090.0,-0.00591,12.0
1,4,10,,840.0,10.7,,183,211,2349,432128,,0.0053464184,0.0565,0.2,-0.325,-0.0729,0.0003,1.28,2100.0,-0.00166,9.07
0,0,0,,810.0,10.6,,183,212,2360,434176,,0.00848094,0.0822,0.2,-0.356,-0.0554,0.0003,0.712,2110.0,-0.00285,3.54
1,3,3,,809.0,10.2,,184,213,2369,436224,,0.0044215,0.0526,0.2,-0.326,0.0364,0.0003,2.26,2120.0,-0.00114,9.21
0,2,0,,831.0,10.8,,184,214,2379,438272,,0.0065443944,0.0567,0.2,-0.293,0.114,0.0003,1.28,2130.0,-0.00308,4.23
3,3,4,,801.0,11.1,,184,215,2388,440320,,0.007355767,0.0681,0.2,-0.303,-0.0357,0.0003,2.59,2140.0,-0.00393,5.61
0,1,3,,772.0,11.7,,184,216,2399,442368,,0.005288186,0.0545,0.2,-0.344,0.0538,0.0003,2.88,2150.0,-0.00233,7.45
0,0,1,,769.0,12.4,,184,217,2408,444416,,0.008135255,0.064,0.2,-0.311,0.0265,0.0003,4.46,2160.0,-0.00328,11.0
0,2,3,,777.0,12.4,,184,218,2418,446464,,0.006219141,0.0441,0.2,-0.29,0.139,0.0003,8.49,2170.0,-0.00245,8.25
0,4,5,,765.0,11.1,,184,219,2427,448512,,0.0060168486,0.0578,0.2,-0.301,0.0157,0.0003,3.81,2180.0,-0.00297,6.71
0,8,8,,771.0,11.3,,184,220,2436,450560,,0.0074183913,0.0672,0.2,-0.316,0.0408,0.0003,4.7,2190.0,-0.005,7.43
1,2,4,,764.0,11.5,,184,221,2447,452608,,0.006358942,0.0563,0.2,-0.292,0.111,0.0003,0.991,2200.0,-0.00334,4.5
0,2,0,,763.0,11.9,,184,222,2458,454656,,0.007817575,0.046,0.2,-0.274,0.175,0.0003,8.33,2210.0,-0.00483,8.65
0,0,0,,738.0,10.4,,184,223,2469,456704,,0.009229272,0.0658,0.2,-0.289,0.175,0.0003,14.2,2220.0,-0.00449,10.1
0,0,0,,709.0,8.56,,184,224,2479,458752,,0.004485341,0.0422,0.2,-0.292,-0.0024,0.0003,0.951,2230.0,-0.00275,7.42
0,0,0,,698.0,7.67,,185,225,2490,460800,,0.007280239,0.0509,0.2,-0.281,-0.221,0.0003,3.13,2240.0,-0.0033,7.18
1,5,7,,695.0,7.74,,185,226,2499,462848,,0.010341318,0.0648,0.2,-0.289,-0.0376,0.0003,0.853,2250.0,-0.00493,6.91
0,0,0,,707.0,8.97,,185,227,2510,464896,,0.009653464,0.0815,0.2,-0.283,0.192,0.0003,2.02,2260.0,-0.00468,6.33
0,0,1,,686.0,9.02,,185,228,2520,466944,,0.009537036,0.0568,0.2,-0.284,0.0356,0.0003,6.04,2270.0,0.000161,7.41
1,4,7,,667.0,8.56,,185,229,2530,468992,,0.006095717,0.0599,0.2,-0.278,0.0664,0.0003,3.01,2280.0,-0.00403,11.9
0,5,4,,662.0,8.27,,185,230,2540,471040,,0.0064002643,0.0668,0.2,-0.295,0.0754,0.0003,1.83,2290.0,-0.00221,4.96
0,0,0,,669.0,8.85,,185,231,2551,473088,,0.0051728524,0.0542,0.2,-0.29,0.141,0.0003,3.9,2300.0,-0.00266,9.87
0,2,1,,675.0,10.1,,185,232,2560,475136,,0.012451423,0.0953,0.2,-0.293,-0.02,0.0003,1.62,2310.0,-0.00412,4.15
1,5,3,,664.0,10.7,,185,233,2569,477184,,0.0029721204,0.0507,0.2,-0.274,0.075,0.0003,2.2,2320.0,-0.000483,8.41
0,2,1,,647.0,10.2,,185,234,2579,479232,,0.0053893216,0.0542,0.2,-0.257,-0.000522,0.0003,6.4,2330.0,-0.00414,10.3
0,1,1,,532.0,8.53,,185,235,2590,481280,,0.0046289866,0.0526,0.2,-0.261,0.0454,0.0003,1.62,2340.0,-0.00338,5.84
0,0,1,,453.0,7.07,,185,236,2601,483328,,0.0043584076,0.0571,0.2,-0.293,-0.028,0.0003,3.78,2350.0,-0.00302,9.84
0,0,1,,448.0,6.78,,185,237,2611,485376,,0.0048499466,0.054,0.2,-0.27,0.28,0.0003,4.72,2360.0,-0.00447,13.5
1,4,8,,442.0,6.58,,186,238,2620,487424,,0.00742091,0.0726,0.2,-0.268,0.118,0.0003,1.67,2370.0,-0.00471,6.8
0,3,2,,461.0,7.16,,186,239,2630,489472,,0.0067581744,0.0535,0.2,-0.255,0.111,0.0003,0.714,2380.0,-0.00307,5.05
0,4,2,,443.0,5.72,,186,240,2640,491520,,0.0065967306,0.0555,0.2,-0.249,0.238,0.0003,1.8,2390.0,-0.00207,5.55
3,6,9,,451.0,6.76,,186,241,2649,493568,,0.0065035988,0.0736,0.2,-0.266,0.232,0.0003,1.79,2400.0,-0.00451,11.1
0,6,5,,455.0,7.34,,186,242,2658,495616,,0.006716623,0.0596,0.2,-0.241,0.152,0.0003,6.31,2410.0,-0.00395,12.2
1,3,7,,449.0,7.11,,186,243,2669,497664,,0.007415121,0.0502,0.2,-0.287,0.0252,0.0003,0.749,2420.0,-0.00125,5.37
2,7,11,,440.0,7.28,,186,244,2678,499712,,0.0072841365,0.0668,0.2,-0.26,0.0527,0.0003,0.905,2430.0,-0.00322,9.66
0,2,4,,459.0,7.7,,186,245,2688,501760,,0.0056196433,0.0603,0.2,-0.276,0.25,0.0003,1.78,2440.0,-0.0028,8.56
0,2,2,,474.0,8.19,,186,246,2699,503808,,0.0068698605,0.0636,0.2,-0.278,-0.152,0.0003,4.01,2450.0,-0.00278,3.83
0,0,0,,492.0,8.69,,186,247,2709,505856,,0.0057719056,0.058,0.2,-0.281,0.226,0.0003,2.19,2460.0,-0.00369,6.55
0,0,0,,500.0,9.03,,186,248,2719,507904,,0.008547298,0.0966,0.2,-0.311,-0.218,0.0003,2.85,2470.0,-0.00103,5.3
0,1,4,,508.0,9.12,,186,249,2728,509952,,0.008897474,0.0701,0.2,-0.281,-0.113,0.0003,0.898,2480.0,-0.00325,5.62
0,0,1,,514.0,10.0,,186,250,2738,512000,,0.009214567,0.0703,0.2,-0.306,0.078,0.0003,7.14,2490.0,-0.00441,8.49
0,1,1,,530.0,10.7,,187,251,2748,514048,,0.006858,0.0576,0.2,-0.272,0.191,0.0003,1.04,2500.0,-0.00429,6.31
0,1,3,,527.0,12.0,,187,252,2758,516096,,0.0034096104,0.0393,0.2,-0.281,0.174,0.0003,4.22,2510.0,-0.00245,8.25
0,1,0,,525.0,13.1,,187,253,2769,518144,,0.0042645354,0.049,0.2,-0.283,0.137,0.0003,5.19,2520.0,-0.003,16.0
1,0,1,,524.0,13.9,,187,254,2779,520192,,0.005881316,0.0515,0.2,-0.297,0.0557,0.0003,13.6,2530.0,-0.00292,16.2
0,1,0,,522.0,14.3,,187,255,2790,522240,,0.003611832,0.038,0.2,-0.274,0.0622,0.0003,6.07,2540.0,-0.0011,12.3
1,1,4,,489.0,12.4,,187,256,2800,524288,,0.008225069,0.0711,0.2,-0.29,0.0601,0.0003,4.8,2550.0,-0.00229,12.5
3,4,8,,491.0,12.3,,187,257,2809,526336,,0.00570744,0.0677,0.2,-0.285,0.132,0.0003,1.29,2560.0,-0.00163,7.17
0,0,0,,509.0,12.6,,187,258,2820,528384,,0.004656096,0.0576,0.2,-0.292,0.0626,0.0003,1.62,2570.0,-0.00332,7.1
0,3,2,,517.0,13.5,,187,259,2829,530432,,0.010122044,0.0747,0.2,-0.332,-0.169,0.0003,0.69,2580.0,-0.00351,5.21
1,6,4,,525.0,14.8,,187,260,2839,532480,,0.011671655,0.0791,0.2,-0.296,0.18,0.0003,1.83,2590.0,-0.00254,5.75
0,3,2,,535.0,15.7,,187,261,2850,534528,,0.0055811163,0.0437,0.2,-0.301,0.158,0.0003,10.2,2600.0,-0.00335,16.3
0,2,1,,542.0,15.9,,187,262,2860,536576,,0.0064617707,0.0408,0.2,-0.287,-0.0877,0.0003,3.11,2610.0,-0.00368,14.4
0,2,1,,552.0,16.8,,187,263,2870,538624,,0.008995329,0.0784,0.2,-0.308,0.133,0.0003,1.91,2620.0,-0.00649,10.5
1,0,1,,554.0,17.5,,187,264,2881,540672,,0.009051098,0.0741,0.2,-0.284,-0.0716,0.0003,2.58,2630.0,-0.00269,6.83
1,1,2,,566.0,18.2,,187,265,2890,542720,,0.0043601543,0.051,0.2,-0.292,0.12,0.0003,1.09,2640.0,-0.0025,11.2
3,3,4,,571.0,18.6,,187,266,2899,544768,,0.005540302,0.0596,0.2,-0.29,0.0512,0.0003,3.07,2650.0,-0.00155,5.69
0,0,0,,570.0,17.4,,187,267,2909,546816,,0.008539146,0.0702,0.2,-0.285,-0.109,0.0003,0.793,2660.0,-0.000505,3.39
0,4,2,,574.0,17.9,,188,268,2919,548864,,0.007010833,0.0672,0.2,-0.292,0.0487,0.0003,2.24,2670.0,-0.00632,6.92
0,0,0,,591.0,18.7,,188,269,2929,550912,,0.006338758,0.0622,0.2,-0.308,0.0885,0.0003,1.42,2680.0,-0.00063,6.76
0,3,3,,603.0,18.8,,188,270,2938,552960,,0.005585947,0.0747,0.2,-0.32,-0.128,0.0003,6.57,2690.0,-0.0012,8.89
1,0,0,,583.0,17.2,,188,271,2948,555008,,0.006359905,0.0702,0.2,-0.316,-0.16,0.0003,1.71,2700.0,-0.00445,3.29
0,1,0,,586.0,18.4,,188,272,2958,557056,,0.006367362,0.0694,0.2,-0.299,0.174,0.0003,6.38,2710.0,-0.00183,6.58
0,0,1,,556.0,17.9,,188,273,2970,559104,,0.0051715216,0.0605,0.2,-0.285,0.164,0.0003,3.16,2720.0,-0.00437,12.1
0,1,2,,535.0,18.3,,188,274,2980,561152,,0.0058448976,0.055,0.2,-0.281,0.0453,0.0003,2.86,2730.0,-0.00404,11.1
0,1,3,,521.0,18.4,,188,275,2991,563200,,0.0067207236,0.0501,0.2,-0.298,0.0241,0.0003,2.97,2740.0,-0.00191,8.92
0,1,2,,500.0,16.7,,188,276,3001,565248,,0.0066464916,0.0609,0.2,-0.277,0.157,0.0003,5.03,2750.0,-0.00375,9.82
0,0,1,,502.0,16.8,,188,277,3011,567296,,0.009276304,0.0675,0.2,-0.293,0.152,0.0003,7.5,2760.0,-0.00296,10.1
2,2,4,,516.0,17.6,,188,278,3020,569344,,0.0035588704,0.0423,0.2,-0.274,0.101,0.0003,7.43,2770.0,-0.00118,12.7
0,0,0,,524.0,16.1,,188,279,3031,571392,,0.0077113737,0.0692,0.2,-0.293,-0.0926,0.0003,1.82,2780.0,-0.00247,6.67
0,2,3,,523.0,16.8,,188,280,3041,573440,,0.012111357,0.0691,0.2,-0.288,0.0383,0.0003,3.89,2790.0,-0.00553,8.79
0,1,1,,530.0,16.8,,188,281,3051,575488,,0.0060942736,0.0549,0.2,-0.303,0.0312,0.0003,1.66,2800.0,0.00056,11.5
1,1,5,,543.0,17.7,,188,282,3061,577536,,0.007684808,0.0762,0.2,-0.336,0.149,0.0003,4.11,2810.0,-0.00269,8.03
0,7,6,,532.0,17.2,,188,283,3070,579584,,0.006906346,0.0721,0.2,-0.295,0.0483,0.0003,1.83,2820.0,-0.00116,9.11
1,1,0,,506.0,16.6,,188,284,3081,581632,,0.007374701,0.0712,0.2,-0.295,0.0957,0.0003,5.8,2830.0,-0.00311,9.24
1,1,1,,495.0,14.9,,188,285,3092,583680,,0.0066091446,0.0774,0.2,-0.293,0.214,0.0003,6.5,2840.0,-0.00171,11.7
0,4,5,,507.0,14.7,,188,286,3101,585728,,0.010268178,0.073,0.2,-0.303,0.231,0.0003,4.07,2850.0,-0.00498,6.2
0,0,0,,516.0,15.4,,188,287,3112,587776,,0.0074107815,0.0745,0.2,-0.317,-0.0228,0.0003,3.52,2860.0,-0.00235,8.19
0,0,0,,503.0,15.3,,188,288,3121,589824,,0.013095971,0.0945,0.2,-0.315,0.0686,0.0003,1.9,2870.0,-0.0043,7.83
2,7,9,,512.0,15.9,,189,289,3130,591872,,0.0060485536,0.0648,0.2,-0.3,0.112,0.0003,4.44,2880.0,-0.00102,11.2
0,1,2,,531.0,16.9,,189,290,3140,593920,,0.005858831,0.0721,0.2,-0.31,0.0869,0.0003,2.79,2890.0,-0.00222,8.49
2,2,0,,551.0,17.3,,189,291,3150,595968,,0.009813262,0.0757,0.2,-0.293,-0.0597,0.0003,1.96,2900.0,-0.00244,8.52
0,1,1,,548.0,17.1,,189,292,3160,598016,,0.0078056706,0.0693,0.2,-0.289,0.125,0.0003,0.977,2910.0,-0.00172,4.78
0,3,7,,530.0,17.6,,189,293,3169,600064,,0.009548798,0.0701,0.2,-0.289,0.0633,0.0003,1.99,2920.0,-0.00141,6.81
1,1,1,,533.0,17.9,,189,294,3178,602112,,0.008804042,0.0758,0.2,-0.265,0.0407,0.0003,1.2,2930.0,-0.00278,5.63
1,0,1,,509.0,16.6,,189,295,3189,604160,,0.007593479,0.0565,0.2,-0.27,0.135,0.0003,0.912,2940.0,-0.00196,5.89
0,1,1,,502.0,17.2,,189,296,3199,606208,,0.0052456697,0.0523,0.2,-0.259,0.109,0.0003,1.96,2950.0,-0.00175,9.94
1,0,1,,501.0,16.7,,189,297,3210,608256,,0.007985748,0.0598,0.2,-0.272,0.111,0.0003,5.99,2960.0,-0.00311,13.3
0,0,0,,498.0,16.8,,189,298,3220,610304,,0.0043280027,0.0398,0.2,-0.252,0.176,0.0003,11.7,2970.0,-0.00097,21.8
0,2,0,,508.0,16.8,,189,299,3230,612352,,0.0072460636,0.0579,0.2,-0.281,0.0488,0.0003,6.41,2980.0,-0.00507,15.1
1,1,0,,522.0,17.8,,189,300,3240,614400,,0.005848652,0.0639,0.2,-0.262,-0.0621,0.0003,3.69,2990.0,-0.000787,8.45
1,3,4,,530.0,18.4,,189,301,3249,616448,,0.0065088277,0.064,0.2,-0.256,0.134,0.0003,1.16,3000.0,-0.0016,5.72
1,4,4,,538.0,18.0,,189,302,3259,618496,,0.009161651,0.0802,0.2,-0.248,0.14,0.0003,3.92,3010.0,-0.00284,7.32
0,0,3,,552.0,19.7,,189,303,3269,620544,,0.00557594,0.0489,0.2,-0.256,0.123,0.0003,10.5,3020.0,-0.00105,11.7
1,0,1,,543.0,18.7,,189,304,3279,622592,,0.0060757054,0.0529,0.2,-0.258,0.213,0.0003,4.31,3030.0,-0.00308,9.8
0,1,0,,541.0,18.0,,189,305,3289,624640,,0.008680151,0.0637,0.2,-0.265,0.227,0.0003,4.4,3040.0,-0.00371,12.3
1,2,2,,545.0,18.7,,189,306,3298,626688,,0.007319738,0.0679,0.2,-0.258,0.116,0.0003,1.64,3050.0,-0.00169,7.17
2,3,7,,551.0,18.8,,190,307,3307,628736,,0.010011723,0.0638,0.2,-0.246,0.165,0.0003,0.84,3060.0,-0.00422,4.92
0,6,7,,563.0,18.7,,190,308,3317,630784,,0.0064935917,0.0693,0.2,-0.269,0.0554,0.0003,2.04,3070.0,-0.00207,5.2
0,0,0,,587.0,20.4,,190,309,3328,632832,,0.007389582,0.0697,0.2,-0.24,0.0654,0.0003,2.03,3080.0,-0.00241,8.04
0,0,0,,585.0,20.3,,190,310,3337,634880,,0.0057857977,0.0585,0.2,-0.252,0.0435,0.0003,2.77,3090.0,-0.00295,10.9
0,1,0,,582.0,19.2,,190,311,3347,636928,,0.0054133967,0.0517,0.2,-0.238,-0.172,0.0003,2.39,3100.0,-0.00239,7.59
0,2,1,,584.0,19.2,,190,312,3356,638976,,0.013480341,0.0717,0.2,-0.267,-0.028,0.0003,4.07,3110.0,-0.00371,8.16
0,0,0,,601.0,19.3,,190,313,3367,641024,,0.008964522,0.0702,0.2,-0.238,0.0916,0.0003,3.76,3120.0,-0.00445,6.14
1,4,6,,601.0,20.3,,190,314,3376,643072,,0.009027835,0.0682,0.2,-0.252,0.066,0.0003,1.08,3130.0,-0.00467,6.16
1,1,0,,616.0,21.1,,190,315,3386,645120,,0.003935499,0.0428,0.2,-0.254,0.0449,0.0003,5.02,3140.0,-0.00346,15.7
0,1,2,,624.0,21.7,,190,316,3396,647168,,0.0042006923,0.0488,0.2,-0.231,-0.0344,0.0003,3.46,3150.0,-0.00296,8.34
0,1,1,,622.0,22.1,,190,317,3405,649216,,0.005417119,0.0493,0.2,-0.253,0.164,0.0003,3.84,3160.0,-0.00181,10.3
0,3,3,,625.0,22.6,,190,318,3416,651264,,0.005803848,0.0582,0.2,-0.233,0.0613,0.0003,4.0,3170.0,-0.00223,13.2
2,4,10,,627.0,22.3,,190,319,3425,653312,,0.0075369254,0.0525,0.2,-0.236,0.101,0.0003,5.1,3180.0,-0.00173,9.03
1,4,7,,622.0,21.7,,190,320,3434,655360,,0.010781275,0.0695,0.2,-0.244,-0.0421,0.0003,10.1,3190.0,-0.00264,6.16
1,13,18,,622.0,21.7,,190,321,3442,657408,,0.0074869124,0.0646,0.2,-0.245,-0.156,0.0003,7.09,3200.0,-0.00293,6.72
1,1,1,,633.0,22.0,,190,322,3455,659456,,0.008293473,0.0582,0.2,-0.238,-0.206,0.0003,0.588,3210.0,-0.000682,3.41
3,4,10,,631.0,22.6,,190,323,3464,661504,,0.0074970378,0.0527,0.2,-0.247,0.00619,0.0003,3.81,3220.0,-0.00185,6.84
0,0,0,,651.0,23.1,,190,324,3474,663552,,0.0066354563,0.0578,0.2,-0.266,0.0283,0.0003,5.5,3230.0,-0.00333,6.88
3,5,11,,641.0,22.3,,191,325,3483,665600,,0.0087837195,0.0584,0.2,-0.25,0.0688,0.0003,1.97,3240.0,0.0013,6.76
0,0,1,,639.0,22.6,,191,326,3494,667648,,0.011674132,0.0875,0.2,-0.257,-0.039,0.0003,2.11,3250.0,-0.00376,5.74
1,4,7,,642.0,23.1,,191,327,3503,669696,,0.007058557,0.053,0.2,-0.261,-0.134,0.0003,4.42,3260.0,-0.00336,13.1
0,1,0,,665.0,23.9,,191,328,3513,671744,,0.007428917,0.0529,0.2,-0.254,0.0182,0.0003,2.69,3270.0,-0.00235,8.48
1,3,2,,673.0,24.8,,191,329,3523,673792,,0.006364366,0.0594,0.2,-0.251,0.0025,0.0003,5.66,3280.0,-0.0018,7.18
0,1,0,,680.0,25.4,,191,330,3533,675840,,0.006077264,0.0597,0.2,-0.254,0.0103,0.0003,5.35,3290.0,-0.00367,12.9
0,0,0,,680.0,24.7,,191,331,3543,677888,,0.0062541603,0.0627,0.2,-0.228,0.0397,0.0003,4.07,3300.0,-0.00343,12.5
0,4,7,,672.0,24.9,,191,332,3553,679936,,0.012108745,0.0661,0.2,-0.25,0.0136,0.0003,2.74,3310.0,-0.000662,9.24
1,2,0,,652.0,24.6,,191,333,3563,681984,,0.007410384,0.0548,0.2,-0.245,0.0355,0.0003,15.4,3320.0,-0.00372,19.3
0,4,3,,665.0,25.4,,191,334,3572,684032,,0.009320564,0.0547,0.2,-0.241,0.135,0.0003,5.13,3330.0,-0.00117,11.8
0,2,2,,679.0,26.0,,191,335,3582,686080,,0.008922451,0.0658,0.2,-0.223,-0.179,0.0003,5.42,3340.0,-0.00384,6.67
0,1,0,,668.0,25.6,,191,336,3592,688128,,0.005065767,0.0551,0.2,-0.231,-0.256,0.0003,3.92,3350.0,-0.00103,8.55
1,6,7,,671.0,26.5,,191,337,3602,690176,,0.0057599675,0.046,0.2,-0.233,0.0883,0.0003,9.41,3360.0,-0.00198,13.4
2,2,2,,660.0,27.7,,191,338,3612,692224,,0.0063803038,0.0497,0.2,-0.218,0.0358,0.0003,7.5,3370.0,-0.0022,15.4
0,1,0,,646.0,27.8,,191,339,3622,694272,,0.01327838,0.0592,0.2,-0.223,0.0965,0.0003,5.51,3380.0,-0.00307,14.9
0,0,0,,636.0,27.9,,191,340,3633,696320,,0.00423418,0.0543,0.2,-0.204,0.0705,0.0003,6.77,3390.0,-0.000913,12.0
1,4,9,,627.0,28.0,,191,341,3642,698368,,0.006475875,0.0684,0.2,-0.238,0.149,0.0003,8.77,3400.0,-0.00272,11.9
0,1,0,,635.0,29.1,,191,342,3652,700416,,0.007122616,0.0512,0.2,-0.216,0.202,0.0003,2.03,3410.0,-0.00269,7.13
0,4,0,,611.0,29.2,,191,343,3663,702464,,0.0069468007,0.0631,0.2,-0.241,0.0337,0.0003,4.17,3420.0,-0.00244,12.6
0,3,5,,612.0,29.7,,191,344,3672,704512,,0.010076538,0.0654,0.2,-0.243,-0.168,0.0003,5.1,3430.0,-0.00452,10.9
1,3,4,,606.0,28.9,,191,345,3682,706560,,0.0076514394,0.0606,0.2,-0.254,0.114,0.0003,7.51,3440.0,-0.00161,12.0
1,1,0,,594.0,28.2,,191,346,3692,708608,,0.01025296,0.0796,0.2,-0.239,0.036,0.0003,1.2,3450.0,-0.00566,8.33
0,0,3,,601.0,28.3,,191,347,3702,710656,,0.0050808145,0.0607,0.2,-0.228,-0.00538,0.0003,3.35,3460.0,-0.00293,8.37
1,1,3,,620.0,29.4,,192,348,3711,712704,,0.009179261,0.0591,0.2,-0.249,0.108,0.0003,1.05,3470.0,-0.00187,4.3
0,2,5,,624.0,29.3,,192,349,3721,714752,,0.0074150516,0.0569,0.2,-0.244,0.107,0.0003,0.929,3480.0,-0.00237,5.96
0,0,0,,585.0,28.5,,192,350,3731,716800,,0.0072848764,0.042,0.2,-0.222,-0.0892,0.0003,8.42,3490.0,-0.00114,12.0
1,5,1,,584.0,28.6,,192,351,3740,718848,,0.00639653,0.0514,0.2,-0.218,0.192,0.0003,1.89,3500.0,-0.00297,8.98
1,0,3,,572.0,28.8,,192,352,3750,720896,,0.0058423653,0.047,0.2,-0.209,0.0156,0.0003,2.73,3510.0,-0.0011,13.1
0,1,3,,588.0,29.3,,192,353,3759,722944,,0.010459097,0.057,0.2,-0.218,-0.000662,0.0003,1.92,3520.0,-0.00171,4.86
0,2,0,,574.0,30.4,,192,354,3770,724992,,0.0063584205,0.0567,0.2,-0.21,0.00492,0.0003,1.45,3530.0,-0.00135,5.19
1,0,1,,570.0,30.3,,192,355,3780,727040,,0.0032959827,0.0328,0.2,-0.206,-0.0104,0.0003,5.08,3540.0,-0.0015,19.8
0,3,6,,557.0,30.0,,192,356,3789,729088,,0.0071650767,0.0683,0.2,-0.221,0.0101,0.0003,7.34,3550.0,-0.00277,12.2
0,1,0,,563.0,30.0,,192,357,3799,731136,,0.0036318293,0.0473,0.2,-0.234,-0.101,0.0003,3.0,3560.0,-0.000599,8.6
0,2,9,,555.0,30.3,,192,358,3808,733184,,0.0049530216,0.0473,0.2,-0.213,-0.0103,0.0003,3.81,3570.0,-0.00239,14.0
0,0,0,,577.0,31.0,,192,359,3819,735232,,0.009514412,0.0605,0.2,-0.237,-0.0584,0.0003,1.2,3580.0,-0.000578,7.85
0,4,3,,584.0,31.5,,192,360,3828,737280,,0.0045770053,0.0516,0.2,-0.219,0.0714,0.0003,4.08,3590.0,-0.00226,13.9
0,1,1,,597.0,32.0,,192,361,3838,739328,,0.008215561,0.0772,0.2,-0.199,-0.0137,0.0003,1.97,3600.0,0.00102,4.06
0,0,1,,618.0,32.5,,192,362,3848,741376,,0.0069748415,0.0625,0.2,-0.219,0.0748,0.0003,1.12,3610.0,-0.0032,10.0
0,0,1,,597.0,31.7,,192,363,3858,743424,,0.01145044,0.0641,0.2,-0.218,0.179,0.0003,8.73,3620.0,-0.00216,8.61
1,0,0,,588.0,32.4,,192,364,3868,745472,,0.0069193915,0.0589,0.2,-0.233,0.061,0.0003,2.18,3630.0,-0.00277,16.6
0,0,3,,590.0,32.2,,192,365,3878,747520,,0.0042554713,0.0415,0.2,-0.215,-0.0358,0.0003,10.5,3640.0,-0.000762,16.0
0,3,8,,603.0,31.9,,192,366,3887,749568,,0.007565152,0.0494,0.2,-0.215,0.114,0.0003,1.87,3650.0,-0.00298,8.87
1,3,0,,600.0,30.8,,192,367,3897,751616,,0.0056269336,0.0559,0.2,-0.204,0.104,0.0003,4.72,3660.0,-9.09e-05,7.99
1,1,2,,610.0,30.9,,192,368,3907,753664,,0.004868972,0.0508,0.2,-0.217,0.131,0.0003,6.11,3670.0,-0.000472,11.1
3,3,2,,614.0,32.0,,192,369,3917,755712,,0.0075472635,0.0533,0.2,-0.225,0.0843,0.0003,10.2,3680.0,-0.000777,12.4
0,0,0,,614.0,31.7,,192,370,3927,757760,,0.005451759,0.0553,0.2,-0.217,0.116,0.0003,7.87,3690.0,-0.00338,15.7
0,4,5,,602.0,31.1,,192,371,3937,759808,,0.0052089803,0.0515,0.2,-0.21,0.0979,0.0003,0.874,3700.0,-0.00116,8.64
0,2,9,,607.0,30.7,,193,372,3946,761856,,0.0082960185,0.0616,0.2,-0.246,-0.013,0.0003,3.07,3710.0,-0.00227,7.33
0,0,1,,623.0,31.9,,193,373,3956,763904,,0.0052834875,0.0589,0.2,-0.24,0.0729,0.0003,5.58,3720.0,0.00059,6.99
2,2,5,,638.0,32.1,,193,374,3965,765952,,0.007829228,0.0636,0.2,-0.187,0.169,0.0003,2.81,3730.0,-0.00105,8.89
0,0,2,,657.0,33.3,,193,375,3975,768000,,0.007867913,0.047,0.2,-0.202,0.25,0.0003,4.76,3740.0,-0.0013,5.8
0,3,2,,670.0,34.3,,193,376,3985,770048,,0.006006726,0.0632,0.2,-0.242,0.13,0.0003,4.69,3750.0,-0.00236,7.96
0,0,0,,682.0,34.5,,193,377,3994,772096,,0.0049796347,0.0408,0.2,-0.222,0.0531,0.0003,2.86,3760.0,-0.0026,13.9
2,8,13,,674.0,34.0,,193,378,4003,774144,,0.011160312,0.0923,0.2,-0.259,0.0253,0.0003,1.89,3770.0,-0.00198,7.34
5,6,10,,680.0,34.9,,193,379,4013,776192,,0.0068759606,0.0633,0.2,-0.228,0.28,0.0003,0.568,3780.0,-0.00129,3.36
0,5,5,,674.0,35.2,,193,380,4023,778240,,0.0093334485,0.0694,0.2,-0.226,-0.0234,0.0003,3.73,3790.0,-0.00451,8.02
0,2,1,,679.0,35.3,,193,381,4033,780288,,0.003137994,0.0386,0.2,-0.232,0.0519,0.0003,7.09,3800.0,-0.00336,15.6
0,5,3,,668.0,34.7,,193,382,4043,782336,,0.007083407,0.0636,0.2,-0.23,0.0194,0.0003,3.27,3810.0,-0.00423,10.0
3,4,3,,682.0,35.7,,193,383,4052,784384,,0.008512282,0.0553,0.2,-0.25,0.219,0.0003,2.74,3820.0,-0.00375,9.34
0,0,0,,657.0,33.5,,193,384,4063,786432,,0.008124816,0.0595,0.2,-0.233,0.14,0.0003,5.05,3830.0,-0.00159,8.5
0,0,0,,655.0,33.5,,193,385,4072,788480,,0.007909076,0.0544,0.2,-0.212,0.123,0.0003,6.98,3840.0,-0.00314,12.1
2,4,9,,669.0,33.0,,193,386,4081,790528,,0.008750085,0.0776,0.2,-0.251,0.0354,0.0003,5.49,3850.0,-0.000854,6.81
0,4,0,,684.0,34.0,,193,387,4091,792576,,0.005723817,0.0616,0.2,-0.241,-0.00166,0.0003,2.6,3860.0,-0.00174,7.18
0,0,0,,696.0,34.2,,193,388,4101,794624,,0.009432832,0.0611,0.2,-0.233,0.199,0.0003,3.36,3870.0,-0.00121,9.18
1,5,7,,708.0,34.7,,193,389,4109,796672,,0.007566679,0.0563,0.2,-0.23,-0.0931,0.0003,1.96,3880.0,-0.00128,8.06
0,6,6,,715.0,35.0,,193,390,4119,798720,,0.007848507,0.0729,0.2,-0.23,-0.168,0.0003,2.08,3890.0,-4.75e-05,4.94
0,0,1,,730.0,36.6,,193,391,4129,800768,,0.0035289307,0.0314,0.2,-0.226,0.152,0.0003,7.4,3900.0,-0.0017,15.2
1,3,5,,737.0,36.8,,193,392,4139,802816,,0.00743506,0.054,0.2,-0.22,-0.0863,0.0003,4.1,3910.0,-0.00341,10.5
0,1,0,,740.0,37.1,,193,393,4149,804864,,0.0051781354,0.0478,0.2,-0.225,0.154,0.0003,2.35,3920.0,-0.00292,6.54
0,1,0,,720.0,36.0,,194,394,4159,806912,,0.0062071336,0.0548,0.2,-0.225,-0.0346,0.0003,4.17,3930.0,-0.00341,12.6
1,4,4,,725.0,36.4,,194,395,4167,808960,,0.007370075,0.0573,0.2,-0.237,-0.00474,0.0003,2.75,3940.0,-0.00397,7.13
0,1,0,,743.0,36.5,,194,396,4177,811008,,0.0070108618,0.0568,0.2,-0.22,0.297,0.0003,4.46,3950.0,-0.00331,6.2
0,1,3,,739.0,36.8,,194,397,4187,813056,,0.0060848454,0.0572,0.2,-0.218,-0.147,0.0003,0.87,3960.0,-0.00162,4.86
2,3,2,,732.0,36.6,,194,398,4196,815104,,0.0049265767,0.0592,0.2,-0.219,-0.234,0.0003,3.81,3970.0,-0.00238,10.6
0,0,1,,750.0,37.2,,194,399,4206,817152,,0.0062205624,0.057,0.2,-0.231,-0.435,0.0003,1.53,3980.0,0.0003,6.93
2,0,1,,764.0,37.9,,194,400,4216,819200,,0.010780759,0.0685,0.2,-0.237,-0.108,0.0003,4.05,3990.0,-0.00281,6.7
0,3,2,,757.0,36.5,,194,401,4225,821248,,0.0062354817,0.0596,0.2,-0.23,0.0105,0.0003,1.73,4000.0,-0.00259,10.5
0,1,4,,769.0,37.8,,194,402,4234,823296,,0.008014244,0.0707,0.2,-0.238,0.011,0.0003,0.881,4010.0,-0.00299,5.92
0,2,2,,786.0,38.7,,194,403,4244,825344,,0.009227467,0.0512,0.2,-0.235,-0.05,0.0003,1.99,4020.0,-0.00284,5.89
0,4,7,,786.0,39.2,,194,404,4253,827392,,0.0048342077,0.0445,0.2,-0.209,-0.0053,0.0003,3.65,4030.0,-0.00211,6.43
0,0,0,,790.0,40.8,,194,405,4264,829440,,0.00481488,0.0439,0.2,-0.226,-0.0365,0.0003,3.04,4040.0,-0.00207,9.53
6,12,23,,790.0,40.8,,194,406,4272,831488,,0.0056321565,0.0548,0.2,-0.228,0.0737,0.0003,6.76,4050.0,-0.00546,19.7
0,4,2,,795.0,41.8,,194,407,4283,833536,,0.007258524,0.0538,0.2,-0.202,-0.197,0.0003,2.22,4060.0,-0.00184,8.73
0,1,3,,808.0,42.8,,194,408,4293,835584,,0.0061767157,0.0625,0.2,-0.219,0.128,0.0003,4.84,4070.0,-0.00387,14.7
0,0,1,,822.0,42.8,,194,409,4303,837632,,0.0075090867,0.064,0.2,-0.214,-0.118,0.0003,3.54,4080.0,-0.00178,7.74
0,0,0,,821.0,42.6,,194,410,4313,839680,,0.008158933,0.0643,0.2,-0.234,-0.0438,0.0003,7.49,4090.0,-0.00346,11.8
0,1,0,,834.0,43.4,,194,411,4322,841728,,0.007986032,0.0545,0.2,-0.23,-0.059,0.0003,4.21,4100.0,-0.00163,11.2
0,3,0,,843.0,44.0,,194,412,4332,843776,,0.0070317537,0.0674,0.2,-0.233,0.123,0.0003,3.28,4110.0,-0.00106,8.55
0,0,0,,822.0,43.3,,194,413,4342,845824,,0.012249225,0.0709,0.2,-0.236,0.239,0.0003,7.18,4120.0,-0.000613,10.3
2,6,8,,814.0,44.1,,194,414,4351,847872,,0.008399906,0.0616,0.2,-0.216,-0.00829,0.0003,16.7,4130.0,-0.00176,19.9
0,1,1,,812.0,43.9,,194,415,4361,849920,,0.0067140926,0.0562,0.2,-0.21,0.142,0.0003,9.78,4140.0,-0.00304,12.9
1,1,0,,803.0,42.7,,194,416,4370,851968,,0.0054984,0.0526,0.2,-0.211,0.061,0.0003,5.2,4150.0,0.000822,10.3
1,4,5,,812.0,43.3,,194,417,4380,854016,,0.011562653,0.0619,0.2,-0.206,0.104,0.0003,3.57,4160.0,-0.00114,6.27
0,1,0,,815.0,43.2,,194,418,4390,856064,,0.010744477,0.0673,0.2,-0.227,0.0796,0.0003,6.0,4170.0,-0.0026,7.99
1,1,2,,816.0,43.1,,195,419,4399,858112,,0.008374522,0.0541,0.2,-0.214,0.00199,0.0003,5.76,4180.0,-0.0032,9.97
0,6,6,,816.0,42.6,,195,420,4408,860160,,0.009608098,0.0807,0.2,-0.229,0.104,0.0003,4.13,4190.0,-3.3e-05,5.16
1,0,0,,825.0,42.8,,195,421,4419,862208,,0.0051020146,0.049,0.2,-0.22,-0.416,0.0003,2.19,4200.0,-0.00324,8.71
0,0,0,,826.0,44.6,,195,422,4428,864256,,0.0076688253,0.0538,0.2,-0.196,0.155,0.0003,2.38,4210.0,-0.00324,6.97
1,0,1,,816.0,43.3,,195,423,4438,866304,,0.0055581233,0.0533,0.2,-0.229,0.0694,0.0003,12.2,4220.0,-0.00106,22.0
0,5,8,,829.0,43.9,,195,424,4447,868352,,0.008696532,0.0669,0.2,-0.213,0.04,0.0003,5.15,4230.0,-0.00281,6.44
0,2,3,,848.0,45.2,,195,425,4457,870400,,0.007322705,0.0561,0.2,-0.216,0.143,0.0003,3.15,4240.0,0.000309,8.27
1,7,1,,837.0,44.4,,195,426,4466,872448,,0.009224242,0.0515,0.2,-0.219,-0.135,0.0003,5.14,4250.0,-0.000563,9.86
0,2,0,,817.0,43.5,,195,427,4477,874496,,0.0054820604,0.0456,0.2,-0.225,0.266,0.0003,3.98,4260.0,-0.00367,8.07
0,1,1,,789.0,43.3,,195,428,4486,876544,,0.005977443,0.0519,0.2,-0.224,0.0659,0.0003,8.49,4270.0,-0.00185,18.1
0,2,2,,787.0,42.5,,195,429,4496,878592,,0.011383727,0.0614,0.2,-0.203,0.137,0.0003,4.19,4280.0,-0.00185,11.8
0,0,1,,772.0,41.7,,195,430,4506,880640,,0.0068757785,0.0621,0.2,-0.212,0.32,0.0003,3.4,4290.0,7.66e-05,11.7
0,1,0,,775.0,40.5,,195,431,4516,882688,,0.008717422,0.066,0.2,-0.21,-0.0598,0.0003,7.44,4300.0,-0.000646,10.6
1,7,9,,770.0,40.6,,195,432,4525,884736,,0.007898628,0.082,0.2,-0.236,0.126,0.0003,2.12,4310.0,-0.0019,9.38
0,3,7,,755.0,41.5,,195,433,4535,886784,,0.007948271,0.0477,0.2,-0.205,-0.0993,0.0003,3.79,4320.0,-0.00307,9.56
2,2,3,,761.0,41.8,,195,434,4544,888832,,0.008149703,0.0635,0.2,-0.213,0.0752,0.0003,4.4,4330.0,-0.00237,9.71
0,1,1,,782.0,42.4,,195,435,4554,890880,,0.0077014775,0.0726,0.2,-0.207,0.271,0.0003,0.881,4340.0,-0.00223,5.83
0,13,21,,782.0,42.4,,195,436,4562,892928,,0.011244893,0.0604,0.2,-0.229,0.36,0.0003,2.82,4350.0,-0.00107,7.07
0,3,3,,802.0,42.8,,195,437,4573,894976,,0.009496478,0.069,0.2,-0.221,0.133,0.0003,1.36,4360.0,-0.000377,4.4
0,0,0,,781.0,41.9,,195,438,4583,897024,,0.0075942976,0.0559,0.2,-0.212,-0.211,0.0003,2.87,4370.0,-0.000937,6.04
0,3,6,,757.0,41.7,,195,439,4593,899072,,0.0064093964,0.051,0.2,-0.231,0.0285,0.0003,7.69,4380.0,-0.00127,14.7
0,0,0,,749.0,41.8,,195,440,4603,901120,,0.004453623,0.046,0.2,-0.221,0.264,0.0003,4.99,4390.0,-0.00233,14.9
0,1,0,,744.0,42.3,,195,441,4613,903168,,0.005220929,0.0418,0.2,-0.22,-0.0445,0.0003,1.86,4400.0,-0.000822,10.7
0,1,1,,758.0,43.4,,195,442,4622,905216,,0.007835277,0.0518,0.2,-0.207,0.0941,0.0003,10.2,4410.0,-0.00212,19.9
0,1,3,,747.0,42.2,,195,443,4632,907264,,0.006782805,0.0542,0.2,-0.211,-0.0347,0.0003,7.12,4420.0,-0.00182,16.0
1,2,3,,715.0,41.2,,195,444,4642,909312,,0.009881937,0.0741,0.2,-0.209,0.186,0.0003,2.34,4430.0,-0.00227,6.84
0,1,2,,730.0,42.7,,195,445,4652,911360,,0.0066756043,0.05,0.2,-0.202,-0.0035,0.0003,7.27,4440.0,-0.00532,16.6
0,0,0,,723.0,42.0,,195,446,4661,913408,,0.0064197266,0.0642,0.2,-0.201,0.152,0.0003,2.46,4450.0,-0.00187,10.8
0,7,7,,723.0,42.3,,195,447,4670,915456,,0.008973657,0.0588,0.2,-0.218,0.0607,0.0003,2.14,4460.0,-0.00315,5.32
0,5,4,,732.0,43.3,,196,448,4680,917504,,0.005689523,0.0609,0.2,-0.221,0.0525,0.0003,4.67,4470.0,0.000459,10.6
0,1,2,,736.0,44.9,,196,449,4690,919552,,0.007685082,0.0557,0.2,-0.197,0.057,0.0003,6.19,4480.0,-0.00154,19.2
0,1,2,,718.0,44.6,,196,450,4701,921600,,0.0052227974,0.0421,0.2,-0.221,0.117,0.0003,5.94,4490.0,-0.00342,14.9
1,5,5,,700.0,44.0,,196,451,4711,923648,,0.006175603,0.0627,0.2,-0.219,0.0509,0.0003,5.81,4500.0,-0.00329,20.5
0,5,3,,672.0,43.5,,196,452,4721,925696,,0.007894978,0.0656,0.2,-0.209,0.0344,0.0003,3.46,4510.0,-0.000815,10.2
0,3,3,,668.0,44.1,,196,453,4731,927744,,0.008852994,0.0581,0.2,-0.2,0.0319,0.0003,5.24,4520.0,-0.00612,11.2
0,11,12,,655.0,43.9,,196,454,4740,929792,,0.0077394415,0.065,0.2,-0.222,0.101,0.0003,3.06,4530.0,-0.00412,14.1
0,8,7,,666.0,44.6,,196,455,4750,931840,,0.0073387614,0.0566,0.2,-0.199,0.121,0.0003,12.2,4540.0,-0.00214,16.1
1,3,0,,635.0,44.4,,196,456,4760,933888,,0.011082841,0.0651,0.2,-0.203,0.023,0.0003,8.92,4550.0,-0.0014,16.4
1,4,11,,631.0,44.2,,196,457,4770,935936,,0.008439979,0.0692,0.2,-0.222,-0.239,0.0003,6.21,4560.0,-0.00483,13.1
2,4,5,,629.0,44.5,,196,458,4780,937984,,0.009010692,0.0669,0.2,-0.237,0.062,0.0003,2.96,4570.0,-0.00277,10.5
1,0,0,,646.0,45.7,,196,459,4790,940032,,0.006699513,0.0648,0.2,-0.214,-0.142,0.0003,2.16,4580.0,-0.00192,13.6
1,1,3,,634.0,44.8,,196,460,4800,942080,,0.010760369,0.0599,0.2,-0.198,-0.059,0.0003,5.53,4590.0,-0.00165,10.6
0,0,1,,639.0,44.7,,196,461,4810,944128,,0.008672152,0.0631,0.2,-0.224,0.126,0.0003,1.86,4600.0,-0.00148,12.3
0,2,2,,652.0,45.9,,196,462,4819,946176,,0.0057965987,0.0644,0.2,-0.229,0.0939,0.0003,3.56,4610.0,-0.000699,11.8
0,6,2,,647.0,46.5,,196,463,4829,948224,,0.007890901,0.0587,0.2,-0.212,-0.0349,0.0003,6.57,4620.0,0.00135,11.6
0,2,0,,663.0,49.2,,196,464,4839,950272,,0.005770634,0.0531,0.2,-0.212,0.263,0.0003,4.67,4630.0,-0.00135,10.9
0,1,0,,646.0,48.4,,196,465,4849,952320,,0.0055164164,0.0547,0.2,-0.203,-0.0413,0.0003,22.6,4640.0,-0.00339,22.4
0,0,2,,613.0,48.4,,196,466,4858,954368,,0.0074808784,0.0603,0.2,-0.215,-0.0326,0.0003,5.19,4650.0,-0.000607,16.1
0,9,18,,594.0,47.5,,196,467,4867,956416,,0.0049974336,0.0613,0.2,-0.212,0.147,0.0003,1.25,4660.0,0.000218,13.1
0,3,0,,603.0,48.2,,196,468,4878,958464,,0.013260616,0.0667,0.2,-0.224,-0.0334,0.0003,4.1,4670.0,-0.00147,12.2
0,3,2,,579.0,46.7,,196,469,4889,960512,,0.0058784634,0.0524,0.2,-0.211,0.113,0.0003,17.2,4680.0,-0.00363,25.0
0,4,0,,556.0,43.1,,196,470,4899,962560,,0.01184885,0.0719,0.2,-0.221,0.412,0.0003,6.91,4690.0,-0.00355,13.3
0,3,0,,555.0,42.8,,196,471,4909,964608,,0.014219452,0.0918,0.2,-0.241,-0.173,0.0003,3.29,4700.0,-0.00338,8.28
0,2,0,,547.0,42.1,,196,472,4919,966656,,0.0051305164,0.0521,0.2,-0.214,0.0752,0.0003,2.03,4710.0,-0.00245,10.1
0,1,0,,514.0,40.1,,196,473,4930,968704,,0.0063868477,0.0675,0.2,-0.208,0.132,0.0003,3.56,4720.0,-0.00272,12.4
0,4,3,,492.0,36.9,,196,474,4940,970752,,0.008470409,0.0574,0.2,-0.233,0.0692,0.0003,7.8,4730.0,-0.0026,16.2
1,3,1,,497.0,37.5,,196,475,4950,972800,,0.0071774255,0.0639,0.2,-0.211,0.143,0.0003,4.61,4740.0,-0.00297,18.4
1,3,2,,486.0,37.1,,196,476,4961,974848,,0.0077935057,0.0729,0.2,-0.243,0.234,0.0003,4.85,4750.0,-0.00251,12.5
0,1,1,,447.0,32.7,,196,477,4972,976896,,0.0060863243,0.0491,0.2,-0.235,-0.186,0.0003,7.85,4760.0,-0.00118,23.2
0,5,4,,459.0,33.5,,196,478,4982,978944,,0.02162879,0.0605,0.2,-0.214,0.0684,0.0003,9.35,4770.0,-0.00354,20.8
0,0,0,,441.0,33.4,,196,479,4992,980992,,0.0054078205,0.0492,0.2,-0.203,-0.186,0.0003,12.6,4780.0,-0.0026,17.8
2,3,0,,414.0,30.8,,196,480,5003,983040,,0.005788015,0.0499,0.2,-0.226,-0.0554,0.0003,5.14,4790.0,-0.00192,24.6
0,1,1,,382.0,30.3,,196,481,5014,985088,,0.011400919,0.0659,0.2,-0.227,0.0702,0.0003,10.8,4800.0,-0.00324,17.7
2,5,3,,391.0,30.5,,196,482,5024,987136,,0.0066107,0.0641,0.2,-0.223,-0.0538,0.0003,6.99,4810.0,-0.00151,17.1
3,2,4,,369.0,27.9,,196,483,5034,989184,,0.0059853806,0.0502,0.2,-0.208,0.161,0.0003,6.28,4820.0,-0.000727,11.0
0,0,0,,359.0,27.4,,196,484,5044,991232,,0.011327809,0.0682,0.2,-0.222,0.0759,0.0003,6.3,4830.0,-0.00195,13.4
2,6,2,,348.0,26.3,,196,485,5054,993280,,0.00890848,0.066,0.2,-0.225,0.0637,0.0003,2.84,4840.0,-0.00163,15.8
0,4,5,,354.0,27.2,,196,486,5065,995328,,0.007811491,0.0569,0.2,-0.217,-0.111,0.0003,7.12,4850.0,-0.00355,14.4
0,0,0,,359.0,29.5,,196,487,5075,997376,,0.006723627,0.0484,0.2,-0.208,0.0518,0.0003,7.69,4860.0,-0.00174,18.5
0,8,9,,349.0,28.9,,196,488,5085,999424,,0.0050805225,0.0417,0.2,-0.215,0.0916,0.0003,9.63,4870.0,-0.00231,28.8
1,5,3,,350.0,29.8,,196,489,5096,1001472,,0.008264654,0.0646,0.2,-0.198,0.115,0.0003,2.84,4880.0,-0.00139,11.0
